Constituency,Const. No.,Leading Candidate,Leading Party,Trailing Candidate,Trailing Party,Margin,Status,state
adilabad,1,GODAM NAGESH,Bharatiya Janata Party,ATHRAM SUGUNA,Indian National Congress,90652,Result Declared,Telangana
agra,18,PROF S P SINGH BAGHEL,Bharatiya Janata Party,SURESH CHAND KARDAM,Samajwadi Party,271294,Result Declared,Uttar Pradesh
ahmedabad east,7,HASMUKHBHAI PATEL (H.S.PATEL),Bharatiya Janata Party,HIMMATSINH PRAHLADSINH PATEL,Indian National Congress,461755,Result Declared,Gujarat
ahmedabad west,8,DINESHBHAI MAKWANA (ADVOCATE),Bharatiya Janata Party,BHARAT YOGENDRA MAKWANA,Indian National Congress,286437,Result Declared,Gujarat
ahmednagar,37,NILESH DNYANDEV LANKE,Nationalist Congress Party – Sharadchandra Pawar,DR. SUJAY RADHAKRISHNA VIKHEPATIL,Bharatiya Janata Party,28929,Result Declared,Maharashtra
ajmer,13,BHAGIRATH CHOUDHARY,Bharatiya Janata Party,RAMCHANDRA CHOUDHARY,Indian National Congress,329991,Result Declared,Rajasthan
akola,6,ANUP SANJAY DHOTRE,Bharatiya Janata Party,ABHAY KASHINATH PATIL,Indian National Congress,40626,Result Declared,Maharashtra
alappuzha,15,K. C VENUGOPAL,Indian National Congress,A. M ARIFF,Communist Party of India (Marxist),63513,Result Declared,Kerala
alathur,9,K.RADHAKRISHNAN,Communist Party of India (Marxist),RAMYA HARIDAS,Indian National Congress,20111,Result Declared,Kerala
alipurduars,2,MANOJ TIGGA,Bharatiya Janata Party,PRAKASH CHIK BARAIK,All India Trinamool Congress,75447,Result Declared,West Bengal
almora,3,AJAY TAMTA,Bharatiya Janata Party,PRADEEP TAMTA,Indian National Congress,234097,Result Declared,Uttarakhand
alwar,8,BHUPENDER YADAV,Bharatiya Janata Party,LALIT YADAV,Indian National Congress,48282,Result Declared,Rajasthan
amalapuram,7,G M HARISH (BALAYOGI),Telugu Desam,RAPAKA VARAPRASADA RAO,Yuvajana Sramika Rythu Congress Party,342196,Result Declared,Andhra Pradesh
ambala,1,VARUN CHAUDHRY,Indian National Congress,BANTO KATARIA,Bharatiya Janata Party,49036,Result Declared,Haryana
amethi,37,KISHORI LAL,Indian National Congress,SMRITI IRANI,Bharatiya Janata Party,167196,Result Declared,Uttar Pradesh
amravati,7,BALWANT BASWANT WANKHADE,Indian National Congress,NAVNEET RAVI RANA,Bharatiya Janata Party,19731,Result Declared,Maharashtra
amreli,14,BHARATBHAI MANUBHAI SUTARIYA,Bharatiya Janata Party,JENNY THUMMAR,Indian National Congress,321068,Result Declared,Gujarat
amritsar,2,GURJEET SINGH AUJLA,Indian National Congress,KULDEEP SINGH DHALIWAL,Aam Aadmi Party,40301,Result Declared,Punjab
amroha,9,KANWAR SINGH TANWAR,Bharatiya Janata Party,KUNWAR DANISH ALI,Indian National Congress,28670,Result Declared,Uttar Pradesh
anakapalle,5,C.M.RAMESH,Bharatiya Janata Party,BUDI MUTYALA NAIDU,Yuvajana Sramika Rythu Congress Party,296530,Result Declared,Andhra Pradesh
anand,16,MITESH PATEL (BAKABHAI),Bharatiya Janata Party,AMIT CHAVDA,Indian National Congress,89939,Result Declared,Gujarat
anandpur sahib,6,MALVINDER SINGH KANG,Aam Aadmi Party,VIJAY INDER SINGLA,Indian National Congress,10846,Result Declared,Punjab
anantnag-rajouri,3,MIAN ALTAF AHMAD,Jammu & Kashmir National Conference,MEHBOOBA MUFTI,Jammu & Kashmir Peoples Democratic Party,281794,Result Declared,Jammu and Kashmir
andaman & nicobar islands,1,BISHNU PADA RAY,Bharatiya Janata Party,KULDEEP RAI SHARMA,Indian National Congress,24396,Result Declared,Andaman & Nicobar Islands
aonla,24,NEERAJ MAURYA,Samajwadi Party,DHARMENDRA KASHYAP,Bharatiya Janata Party,15969,Result Declared,Uttar Pradesh
araku,1,GUMMA THANUJA RANI,Yuvajana Sramika Rythu Congress Party,KOTHAPALLI GEETHA,Bharatiya Janata Party,50580,Result Declared,Andhra Pradesh
arambagh,29,BAG MITALI,All India Trinamool Congress,ARUP KANTI DIGAR,Bharatiya Janata Party,6399,Result Declared,West Bengal
araria,9,PRADEEP KUMAR SINGH,Bharatiya Janata Party,SHAHNAWAZ,Rashtriya Janata Dal,20094,Result Declared,Bihar
arrah,32,SUDAMA PRASAD,Communist Party of India (Marxist-Leninist) (Liberation),R. K. SINGH,Bharatiya Janata Party,59808,Result Declared,Bihar
arunachal east,2,TAPIR GAO,Bharatiya Janata Party,BOSIRAM SIRAM,Indian National Congress,30421,Result Declared,Arunachal Pradesh
arunachal west,1,KIREN RIJIJU,Bharatiya Janata Party,NABAM TUKI,Indian National Congress,100738,Result Declared,Arunachal Pradesh
attingal,19,ADV ADOOR PRAKASH,Indian National Congress,V JOY,Communist Party of India (Marxist),684,Result Declared,Kerala
aurangabad,37,ABHAY KUMAR SINHA,Rashtriya Janata Dal,SUSHIL KUMAR SINGH,Bharatiya Janata Party,79111,Result Declared,Bihar
aurangabad,37,ABHAY KUMAR SINHA,Rashtriya Janata Dal,SUSHIL KUMAR SINGH,Bharatiya Janata Party,79111,Result Declared,Maharashtra
aurangabad,19,BHUMARE SANDIPANRAO ASARAM,Shiv Sena,IMTIAZ JALEEL SYED,All India Majlis-E-Ittehadul Muslimeen,134650,Result Declared,Bihar
aurangabad,19,BHUMARE SANDIPANRAO ASARAM,Shiv Sena,IMTIAZ JALEEL SYED,All India Majlis-E-Ittehadul Muslimeen,134650,Result Declared,Maharashtra
azamgarh,69,DHARMENDRA YADAV,Samajwadi Party,DINESH LAL YADAV “NIRAHUA”,Bharatiya Janata Party,161035,Result Declared,Uttar Pradesh
badaun,23,ADITYA YADAV,Samajwadi Party,DURVIJAY SINGH SHAKYA,Bharatiya Janata Party,34991,Result Declared,Uttar Pradesh
bagalkot,3,GADDIGOUDAR. PARVATAGOUDA. CHANDANAGOUDA.,Bharatiya Janata Party,SAMYUKTA SHIVANAND PATIL,Indian National Congress,68399,Result Declared,Karnataka
baghpat,11,DR RAJKUMAR SANGWAN,Rashtriya Lok Dal,AMARPAL,Samajwadi Party,159459,Result Declared,Uttar Pradesh
baharaich,56,ANAND KUMAR,Bharatiya Janata Party,RAMESH CHANDRA,Samajwadi Party,64227,Result Declared,Uttar Pradesh
balaghat,15,BHARTI PARDHI,Bharatiya Janata Party,SAMRAT ASHOK SINGH SARASWAR,Indian National Congress,174512,Result Declared,Madhya Pradesh
ballia,72,SANATAN PANDEY,Samajwadi Party,NEERAJ SHEKHAR,Bharatiya Janata Party,43384,Result Declared,Uttar Pradesh
banaskantha,2,GENIBEN NAGAJI THAKOR,Indian National Congress,DR. REKHABEN HITESHBHAI CHAUDHARI,Bharatiya Janata Party,30406,Result Declared,Gujarat
banda,48,KRISHNA DEVI SHIVSHANKER PATEL,Samajwadi Party,R. K. SINGH PATEL,Bharatiya Janata Party,71210,Result Declared,Uttar Pradesh
bangalore central,25,P C MOHAN,Bharatiya Janata Party,MANSOOR ALI KHAN,Indian National Congress,32707,Result Declared,Karnataka
bangalore north,24,SHOBHA KARANDLAJE,Bharatiya Janata Party,PROFESSOR M.V RAJEEV GOWDA,Indian National Congress,259476,Result Declared,Karnataka
bangalore rural,23,DR C N MANJUNATH,Bharatiya Janata Party,D K SURESH,Indian National Congress,269647,Result Declared,Karnataka
bangalore south,26,TEJASVI SURYA,Bharatiya Janata Party,SOWMYA REDDY,Indian National Congress,277083,Result Declared,Karnataka
bangaon,14,SHANTANU THAKUR,Bharatiya Janata Party,BISWAJIT DAS S/O LATE BIJAY KRISHNA DAS,All India Trinamool Congress,73693,Result Declared,West Bengal
banka,27,GIRIDHARI YADAV,Janata Dal (United),JAI PRAKASH NARAYAN YADAV,Rashtriya Janata Dal,103844,Result Declared,Bihar
bankura,36,ARUP CHAKRABORTY,All India Trinamool Congress,DR. SUBHAS SARKAR,Bharatiya Janata Party,32778,Result Declared,West Bengal
bapatla,15,KRISHNA PRASAD TENNETI,Telugu Desam,NANDIGAM SURESH BABU,Yuvajana Sramika Rythu Congress Party,208031,Result Declared,Andhra Pradesh
barabanki,53,TANUJ PUNIA,Indian National Congress,RAJRANI RAWAT,Bharatiya Janata Party,215704,Result Declared,Uttar Pradesh
baramati,35,SUPRIYA SULE,Nationalist Congress Party – Sharadchandra Pawar,SUNETRA AJITDADA PAWAR,Nationalist Congress Party,158333,Result Declared,Maharashtra
baramulla,1,ABDUL RASHID SHEIKH,Independent,OMAR ABDULLAH,Jammu & Kashmir National Conference,204142,Result Declared,Jammu and Kashmir
barasat,17,KAKOLI GHOSH DASTIDAR,All India Trinamool Congress,SWAPAN MAJUMDER,Bharatiya Janata Party,114189,Result Declared,West Bengal
bardhaman purba,38,DR. SHARMILA SARKAR,All India Trinamool Congress,ASIM KUMAR SARKAR,Bharatiya Janata Party,160572,Result Declared,West Bengal
bardhaman-durgapur,39,AZAD KIRTI JHA,All India Trinamool Congress,DILIP GHOSH,Bharatiya Janata Party,137981,Result Declared,West Bengal
bardoli,23,PARBHUBHAI NAGARBHAI VASAVA,Bharatiya Janata Party,CHAUDHARY SIDDHARTH AMARSINH,Indian National Congress,230253,Result Declared,Gujarat
bareilly,25,CHHATRA PAL SINGH GANGWAR,Bharatiya Janata Party,PRAVEEN SINGH ARON,Samajwadi Party,34804,Result Declared,Uttar Pradesh
bargarh,1,PRADEEP PUROHIT,Bharatiya Janata Party,PARINITA MISHRA,Biju Janata Dal,251667,Result Declared,Odisha
barmer,17,UMMEDA RAM BENIWAL,Indian National Congress,RAVINDRA SINGH BHATI,Independent,118176,Result Declared,Rajasthan
basirhat,18,SK NURUL ISLAM,All India Trinamool Congress,REKHA PATRA,Bharatiya Janata Party,333547,Result Declared,West Bengal
basti,61,RAM PRASAD CHAUDHARY,Samajwadi Party,HARISH CHANDRA ALIAS HARISH DWIVEDI,Bharatiya Janata Party,100994,Result Declared,Uttar Pradesh
bathinda,11,HARSIMRAT KAUR BADAL,Shiromani Akali Dal,GURMEET SINGH KHUDIAN,Aam Aadmi Party,49656,Result Declared,Punjab
beed,39,BAJRANG MANOHAR SONWANE,Nationalist Congress Party – Sharadchandra Pawar,PANKAJA GOPINATHRAO MUNDE,Bharatiya Janata Party,6553,Result Declared,Maharashtra
begusarai,24,GIRIRAJ SINGH,Bharatiya Janata Party,ABDHESH KUMAR ROY,Communist Party of India,81480,Result Declared,Bihar
belgaum,2,JAGADISH SHETTAR,Bharatiya Janata Party,MRINAL R HEBBALKAR,Indian National Congress,178437,Result Declared,Karnataka
bellary,9,E. TUKARAM,Indian National Congress,B. SREERAMULU,Bharatiya Janata Party,98992,Result Declared,Karnataka
berhampur,20,DR. PRADEEP KUMAR PANIGRAHY,Bharatiya Janata Party,BHRUGU BAXIPATRA,Biju Janata Dal,165476,Result Declared,Odisha
betul,29,DURGADAS (D. D.) UIKEY,Bharatiya Janata Party,RAMU TEKAM,Indian National Congress,379761,Result Declared,Madhya Pradesh
bhadohi,78,DR. VINOD KUMAR BIND,Bharatiya Janata Party,LALITESHPATI TRIPATHI,All India Trinamool Congress,44072,Result Declared,Uttar Pradesh
bhadrak,7,AVIMANYU SETHI,Bharatiya Janata Party,MANJULATA MANDAL,Biju Janata Dal,91544,Result Declared,Odisha
bhandara gondiya,11,DR. PRASHANT YADAORAO PADOLE,Indian National Congress,SUNIL BABURAO MENDHE,Bharatiya Janata Party,37380,Result Declared,Maharashtra
bharatpur,9,SANJNA JATAV,Indian National Congress,RAMSWAROOP KOLI,Bharatiya Janata Party,51983,Result Declared,Rajasthan
bharuch,22,MANSUKHBHAI DHANJIBHAI VASAVA,Bharatiya Janata Party,CHAITARBHAI DAMJIBHAI VASAVA,Aam Aadmi Party,85696,Result Declared,Gujarat
bhavnagar,15,NIMUBEN JAYANTIBHAI BAMBHANIYA (NIMUBEN BAMBHANIYA),Bharatiya Janata Party,UMESHBHAI NARANBHAI MAKWANA,Aam Aadmi Party,455289,Result Declared,Gujarat
bhilwara,23,DAMODAR AGARWAL,Bharatiya Janata Party,C P JOSHI,Indian National Congress,354606,Result Declared,Rajasthan
bhind,2,SANDHYA RAY,Bharatiya Janata Party,PHOOL SINGH BARAIYA,Indian National Congress,64840,Result Declared,Madhya Pradesh
bhiwandi,23,BALYA MAMA - SURESH GOPINATH MHATRE,Nationalist Congress Party – Sharadchandra Pawar,KAPIL MORESHWAR PATIL,Bharatiya Janata Party,66121,Result Declared,Maharashtra
bhiwani-mahendragarh,8,DHARAMBIR SINGH,Bharatiya Janata Party,RAO DAN SINGH,Indian National Congress,41510,Result Declared,Haryana
bhongir,14,CHAMALA KIRAN KUMAR REDDY,Indian National Congress,DR. BOORA NARSAIAH GOUD,Bharatiya Janata Party,222170,Result Declared,Telangana
bhopal,19,ALOK SHARMA,Bharatiya Janata Party,ADVOCATE ARUN SHRIVASTAVA,Indian National Congress,501499,Result Declared,Madhya Pradesh
bidar,7,SAGAR ESHWAR KHANDRE,Indian National Congress,BHAGWANTH KHUBA,Bharatiya Janata Party,128875,Result Declared,Karnataka
bijapur,4,RAMESH JIGAJINAGI,Bharatiya Janata Party,RAJU ALAGUR.,Indian National Congress,77229,Result Declared,Karnataka
bijnor,4,CHANDAN CHAUHAN,Rashtriya Lok Dal,DEEPAK,Samajwadi Party,37508,Result Declared,Uttar Pradesh
bikaner,2,ARJUN RAM MEGHWAL,Bharatiya Janata Party,GOVINDRAM MEGHWAL,Indian National Congress,55711,Result Declared,Rajasthan
bilaspur,5,TOKHAN SAHU,Bharatiya Janata Party,DEVENDRA YADAV,Indian National Congress,164558,Result Declared,Chhattisgarh
birbhum,42,SATABDI ROY,All India Trinamool Congress,DEBTANU BHATTACHARYA,Bharatiya Janata Party,197650,Result Declared,West Bengal
bishnupur,37,KHAN SAUMITRA,Bharatiya Janata Party,SUJATA MONDAL,All India Trinamool Congress,5567,Result Declared,West Bengal
bulandshahr,14,DR BHOLA SINGH,Bharatiya Janata Party,SHIVRAM,Indian National Congress,275134,Result Declared,Uttar Pradesh
buldhana,5,JADHAV PRATAPRAO GANPATRAO,Shiv Sena,NARENDRA DAGDU KHEDEKAR,Shiv Sena (Uddhav Balasaheb Thackrey),29479,Result Declared,Maharashtra
buxar,33,SUDHAKAR SINGH,Rashtriya Janata Dal,MITHILESH TIWARI,Bharatiya Janata Party,30091,Result Declared,Bihar
chalakudy,11,BENNY BEHANAN,Indian National Congress,PROF C RAVEENDRANATH,Communist Party of India (Marxist),63754,Result Declared,Kerala
chamarajanagar,22,SUNIL BOSE,Indian National Congress,BALARAJ.S,Bharatiya Janata Party,188706,Result Declared,Karnataka
chandauli,76,BIRENDRA SINGH,Samajwadi Party,DR. MAHENDRA NATH PANDEY,Bharatiya Janata Party,21565,Result Declared,Uttar Pradesh
chandigarh,1,MANISH TEWARI,Indian National Congress,SANJAY TANDON,Bharatiya Janata Party,2504,Result Declared,Chandigarh
chandni chowk,1,PRAVEEN KHANDELWAL,Bharatiya Janata Party,JAI PRAKASH AGARWAL,Indian National Congress,89325,Result Declared,Delhi
chandrapur,13,DHANORKAR PRATIBHA SURESH ALIAS BALUBHAU,Indian National Congress,MUNGANTIWAR SUDHIR SACCHIDANAND,Bharatiya Janata Party,260406,Result Declared,Maharashtra
chatra,4,KALI CHARAN SINGH,Bharatiya Janata Party,KRISHNA NAND TRIPATHI,Indian National Congress,220959,Result Declared,Jharkhand
chennai central,4,DAYANIDHI MARAN,Dravida Munnetra Kazhagam,VINOJ,Bharatiya Janata Party,244689,Result Declared,Tamil Nadu
chennai north,2,DR.KALANIDHI VEERASWAMY,Dravida Munnetra Kazhagam,R. MANOHAR,All India Anna Dravida Munnetra Kazhagam,339222,Result Declared,Tamil Nadu
chennai south,3,T.SUMATHY (ALIAS) THAMIZHACHI THANGAPANDIAN,Dravida Munnetra Kazhagam,DR.TAMILISAI SOUNDARARAJAN,Bharatiya Janata Party,225945,Result Declared,Tamil Nadu
chevella,10,KONDA VISHWESHWAR REDDY,Bharatiya Janata Party,DR GADDAM RANJITH REDDY,Indian National Congress,172897,Result Declared,Telangana
chhindwara,16,BUNTY VIVEK SAHU,Bharatiya Janata Party,NAKUL KAMALNATH,Indian National Congress,113618,Result Declared,Madhya Pradesh
chhota udaipur,21,JASHUBHAI BHILUBHAI RATHVA,Bharatiya Janata Party,SUKHRAMBHAI HARIYABHAI RATHWA,Indian National Congress,398777,Result Declared,Gujarat
chikkballapur,27,DR.K.SUDHAKAR,Bharatiya Janata Party,M.S. RAKSHA RAMAIAH,Indian National Congress,163460,Result Declared,Karnataka
chikkodi,1,PRIYANKA SATISH JARKIHOLI,Indian National Congress,ANNASAHEB SHANKAR JOLLE,Bharatiya Janata Party,90834,Result Declared,Karnataka
chitradurga,18,GOVIND MAKTHAPPA KARJOL,Bharatiya Janata Party,B.N.CHANDRAPPA,Indian National Congress,48121,Result Declared,Karnataka
chittoor,25,DAGGUMALLA PRASADA RAO,Telugu Desam,REDDEPPA.N .,Yuvajana Sramika Rythu Congress Party,220479,Result Declared,Andhra Pradesh
chittorgarh,21,CHANDRA PRAKASH JOSHI,Bharatiya Janata Party,ANJANA UDAILAL,Indian National Congress,389877,Result Declared,Rajasthan
churu,3,RAHUL KASWAN,Indian National Congress,DEVENDRA JHAJHARIA,Bharatiya Janata Party,72737,Result Declared,Rajasthan
coimbatore,20,GANAPATHY RAJKUMAR P,Dravida Munnetra Kazhagam,ANNAMALAI K,Bharatiya Janata Party,118068,Result Declared,Tamil Nadu
coochbehar,1,JAGADISH CHANDRA BARMA BASUNIA,All India Trinamool Congress,NISITH PRAMANIK,Bharatiya Janata Party,39250,Result Declared,West Bengal
cuddalore,26,M.K. VISHNUPRASAD,Indian National Congress,P. SIVAKOZHUNDU,Desiya Murpokku Dravida Kazhagam,185896,Result Declared,Tamil Nadu
cuttack,14,BHARTRUHARI MAHTAB,Bharatiya Janata Party,SANTRUPT MISRA,Biju Janata Dal,57077,Result Declared,Odisha
dadar & nagar haveli,2,DELKAR KALABEN MOHANBHAI,Bharatiya Janata Party,AJIT RAMJIBHAI MAHALA,Indian National Congress,57584,Result Declared,Dadra and Nagar Haveli and Daman and Diu
dahod,19,JASWANTSINH SUMANBHAI BHABHOR,Bharatiya Janata Party,DR. PRABHABEN KISHORSINH TAVIYAD,Indian National Congress,333677,Result Declared,Gujarat
daman & diu,1,PATEL UMESHBHAI BABUBHAI,Independent,LALUBHAI BABUBHAI PATEL,Bharatiya Janata Party,6225,Result Declared,Dadra and Nagar Haveli and Daman and Diu
damoh,7,RAHUL SINGH LODHI,Bharatiya Janata Party,TARBAR SINGH LODHI (BANTU BHAIYA),Indian National Congress,406426,Result Declared,Madhya Pradesh
darbhanga,14,GOPAL JEE THAKUR,Bharatiya Janata Party,LALIT KUMAR YADAV,Rashtriya Janata Dal,178156,Result Declared,Bihar
darrang-udalguri,4,DILIP SAIKIA,Bharatiya Janata Party,MADHAB RAJBANGSHI,Indian National Congress,329012,Result Declared,Assam
dausa,11,MURARI LAL MEENA,Indian National Congress,KANHAIYA LAL MEENA,Bharatiya Janata Party,237340,Result Declared,Rajasthan
davanagere,13,DR. PRABHA MALLIKARJUN,Indian National Congress,GAYITHRI SIDDESHWARA,Bharatiya Janata Party,26094,Result Declared,Karnataka
dewas,21,MAHENDRA SINGH SOLANKY,Bharatiya Janata Party,RAJENDRA RADHAKISHAN MALVIYA,Indian National Congress,425225,Result Declared,Madhya Pradesh
dhanbad,7,DULU MAHATO,Bharatiya Janata Party,ANUPAMA SINGH,Indian National Congress,331583,Result Declared,Jharkhand
dhar,25,SAVITRI THAKUR,Bharatiya Janata Party,RADHESHYAM MUVEL,Indian National Congress,218665,Result Declared,Madhya Pradesh
dharmapuri,10,MANI. A.,Dravida Munnetra Kazhagam,SOWMIYA ANBUMANI,Pattali Makkal Katch,21300,Result Declared,Tamil Nadu
dharwad,11,PRALHAD JOSHI,Bharatiya Janata Party,VINOD ASOOTI,Indian National Congress,97324,Result Declared,Karnataka
dhenkanal,9,RUDRA NARAYAN PANY,Bharatiya Janata Party,ABINASH SAMAL,Biju Janata Dal,76567,Result Declared,Odisha
dhule,2,BACHHAV SHOBHA DINESH,Indian National Congress,BHAMRE SUBHASH RAMRAO,Bharatiya Janata Party,3831,Result Declared,Maharashtra
diamond harbour,21,ABHISHEK BANERJEE,All India Trinamool Congress,ABHIJIT DAS (BOBBY),Bharatiya Janata Party,710930,Result Declared,West Bengal
dibrugarh,13,SARBANANDA SONOWAL,Bharatiya Janata Party,LURINJYOTI GOGOI,Assam Jatiya Parishad,279321,Result Declared,Assam
diphu,6,AMARSING TISSO,Bharatiya Janata Party,J. I. KATHAR,Independent,147603,Result Declared,Assam
domariyaganj,60,JAGDAMBIKA PAL,Bharatiya Janata Party,BHISHMA SHANKAR ALIAS KUSHAL TIWARI,Samajwadi Party,42728,Result Declared,Uttar Pradesh
dum dum,16,SOUGATA RAY,All India Trinamool Congress,SILBHADRA DATTA,Bharatiya Janata Party,70660,Result Declared,West Bengal
dumka,2,NALIN SOREN,Jharkhand Mukti Morcha,SITA MURMU,Bharatiya Janata Party,22527,Result Declared,Jharkhand
durg,7,VIJAY BAGHEL,Bharatiya Janata Party,RAJENDRA SAHU,Indian National Congress,438226,Result Declared,Chhattisgarh
east delhi,3,HARSH MALHOTRA,Bharatiya Janata Party,KULDEEP KUMAR (MONU),Aam Aadmi Party,93663,Result Declared,Delhi
eluru,10,PUTTA MAHESH KUMAR,Telugu Desam,KARUMURI SUNIL KUMAR,Yuvajana Sramika Rythu Congress Party,181857,Result Declared,Andhra Pradesh
ernakulam,12,HIBI EDEN,Indian National Congress,K. J. SHINE TEACHER,Communist Party of India (Marxist),250385,Result Declared,Kerala
erode,17,K E PRAKASH,Dravida Munnetra Kazhagam,ASHOK KUMAR,All India Anna Dravida Munnetra Kazhagam,236566,Result Declared,Tamil Nadu
etah,22,DEVESH SHAKYA,Samajwadi Party,RAJVEER SINGH (RAJU BHAIYA),Bharatiya Janata Party,28052,Result Declared,Uttar Pradesh
etawah,41,JITENDRA KUMAR DOHARE,Samajwadi Party,DR RAM SHANKAR KATHERIA,Bharatiya Janata Party,58419,Result Declared,Uttar Pradesh
faizabad,54,AWADHESH PRASAD,Samajwadi Party,LALLU SINGH,Bharatiya Janata Party,54567,Result Declared,Uttar Pradesh
faridabad,10,KRISHAN PAL,Bharatiya Janata Party,MAHENDER PRATAP SINGH,Indian National Congress,172914,Result Declared,Haryana
faridkot,9,SARABJEET SINGH KHALSA,Independent,KARAMJIT SINGH ANMOL,Aam Aadmi Party,70053,Result Declared,Punjab
farrukhabad,40,MUKESH RAJPUT,Bharatiya Janata Party,DR. NAVAL KISHOR SHAKYA,Samajwadi Party,2678,Result Declared,Uttar Pradesh
fatehgarh sahib,8,AMAR SINGH,Indian National Congress,GURPREET SINGH GP,Aam Aadmi Party,34202,Result Declared,Punjab
fatehpur,49,NARESH CHANDRA UTTAM PATEL,Samajwadi Party,NIRANJAN JYOTI,Bharatiya Janata Party,33199,Result Declared,Uttar Pradesh
fatehpur sikri,19,RAJKUMAR CHAHAR,Bharatiya Janata Party,RAMNATH SINGH SIKARWAR,Indian National Congress,43405,Result Declared,Uttar Pradesh
firozabad,20,AKSHAYA YADAV,Samajwadi Party,VISHWADEEP SINGH,Bharatiya Janata Party,89312,Result Declared,Uttar Pradesh
firozpur,10,SHER SINGH GHUBAYA,Indian National Congress,JAGDEEP SINGH KAKA BRAR,Aam Aadmi Party,3242,Result Declared,Punjab
gadchiroli - chimur,12,DR. KIRSAN NAMDEO,Indian National Congress,ASHOK MAHADEORAO NETE,Bharatiya Janata Party,141696,Result Declared,Maharashtra
gandhinagar,6,AMIT SHAH,Bharatiya Janata Party,SONAL RAMANBHAI PATEL,Indian National Congress,744716,Result Declared,Gujarat
garhwal,2,ANIL BALUNI,Bharatiya Janata Party,GANESH GODIYAL,Indian National Congress,163503,Result Declared,Uttarakhand
gautam buddha nagar,13,DR. MAHESH SHARMA,Bharatiya Janata Party,DR. MAHENDRA SINGH NAGAR,Samajwadi Party,559472,Result Declared,Uttar Pradesh
gaya,38,JITAN RAM MANJHI,Hindustani Awam Morcha (Secular),KUMAR SARVJEET,Rashtriya Janata Dal,101812,Result Declared,Bihar
ghatal,32,ADHIKARI DEEPAK (DEV),All India Trinamool Congress,DR. HIRANMOY CHATTOPADHYAYA,Bharatiya Janata Party,182868,Result Declared,West Bengal
ghaziabad,12,ATUL GARG,Bharatiya Janata Party,DOLLY SHARMA,Indian National Congress,336965,Result Declared,Uttar Pradesh
ghazipur,75,AFZAL ANSARI,Samajwadi Party,PARS NATH RAI,Bharatiya Janata Party,124861,Result Declared,Uttar Pradesh
ghosi,70,RAJEEV RAI,Samajwadi Party,DR. ARVIND RAJBHAR,Suheldev Bharatiya Samaj Party,162943,Result Declared,Uttar Pradesh
giridih,6,CHANDRA PRAKASH CHOUDHARY,AJSU Party,MATHURA PRASAD MAHATO,Jharkhand Mukti Morcha,80880,Result Declared,Jharkhand
godda,3,NISHIKANT DUBEY,Bharatiya Janata Party,PRADEEP YADAV,Indian National Congress,101813,Result Declared,Jharkhand
gonda,59,KIRTIVARDHAN SINGH,Bharatiya Janata Party,SHREYA VERMA,Samajwadi Party,46224,Result Declared,Uttar Pradesh
gorakhpur,64,RAVINDRA SHUKLA ALIAS RAVI KISHAN,Bharatiya Janata Party,KAJAL NISHAD,Samajwadi Party,103526,Result Declared,Uttar Pradesh
gulbarga,5,RADHAKRISHNA,Indian National Congress,DR. UMESH G JADHAV,Bharatiya Janata Party,27205,Result Declared,Karnataka
guna,4,JYOTIRADITYA M. SCINDIA,Bharatiya Janata Party,YADVENDRA RAO DESHRAJ SINGH,Indian National Congress,540929,Result Declared,Madhya Pradesh
guntur,13,DR CHANDRA SEKHAR PEMMASANI,Telugu Desam,KILARI VENKATA ROSAIAH,Yuvajana Sramika Rythu Congress Party,344695,Result Declared,Andhra Pradesh
gurdaspur,1,SUKHJINDER SINGH RANDHAWA,Indian National Congress,DINESH SINGH BABBU,Bharatiya Janata Party,82861,Result Declared,Punjab
gurgaon,9,RAO INDERJIT SINGH,Bharatiya Janata Party,RAJ BABBAR,Indian National Congress,75079,Result Declared,Haryana
guwahati,5,BIJULI KALITA MEDHI,Bharatiya Janata Party,MIRA BORTHAKUR GOSWAMI,Indian National Congress,251090,Result Declared,Assam
gwalior,3,BHARAT SINGH KUSHWAH,Bharatiya Janata Party,PRAVEEN PATHAK,Indian National Congress,70210,Result Declared,Madhya Pradesh
hamirpur,3,ANURAG SINGH THAKUR,Bharatiya Janata Party,SATPAL RAIZADA,Indian National Congress,182357,Result Declared,Himachal Pradesh
hamirpur,3,ANURAG SINGH THAKUR,Bharatiya Janata Party,SATPAL RAIZADA,Indian National Congress,182357,Result Declared,Uttar Pradesh
hamirpur,47,AJENDRA SINGH LODHI,Samajwadi Party,KUNWAR PUSHPENDRA SINGH CHANDEL,Bharatiya Janata Party,2629,Result Declared,Himachal Pradesh
hamirpur,47,AJENDRA SINGH LODHI,Samajwadi Party,KUNWAR PUSHPENDRA SINGH CHANDEL,Bharatiya Janata Party,2629,Result Declared,Uttar Pradesh
hardoi,31,JAI PRAKASH,Bharatiya Janata Party,USHA VERMA,Samajwadi Party,27856,Result Declared,Uttar Pradesh
hassan,16,SHREYAS. M. PATEL,Indian National Congress,PRAJWAL REVANNA,Janata Dal (Secular),42649,Result Declared,Karnataka
hathras,16,ANOOP PRADHAN BALMIKI,Bharatiya Janata Party,JASVEER VALMIKI,Samajwadi Party,247318,Result Declared,Uttar Pradesh
hatkanangale,48,DHAIRYASHEEL SAMBHAJIRAO MANE,Shiv Sena,SATYAJEET BABASAHEB PATIL (AABA) SARUDKAR,Shiv Sena (Uddhav Balasaheb Thackrey),13426,Result Declared,Maharashtra
haveri,10,BASAVARAJ BOMMAI,Bharatiya Janata Party,ANANDSWAMY GADDADEVARMATH,Indian National Congress,43513,Result Declared,Karnataka
hazaribagh,14,MANISH JAISWAL,Bharatiya Janata Party,JAI PRAKASH BHAI PATEL,Indian National Congress,276686,Result Declared,Jharkhand
hindupur,20,B K PARTHASARATHI,Telugu Desam,J SHANTHA,Yuvajana Sramika Rythu Congress Party,132427,Result Declared,Andhra Pradesh
hingoli,15,AASHTIKAR PATIL NAGESH BAPURAO,Shiv Sena (Uddhav Balasaheb Thackrey),BABURAO KADAM KOHALIKAR,Shiv Sena,108602,Result Declared,Maharashtra
hisar,4,JAI PARKASH (J P) S/O HARIKESH,Indian National Congress,RANJIT SINGH,Bharatiya Janata Party,63381,Result Declared,Haryana
hooghly,28,RACHNA BANERJEE,All India Trinamool Congress,LOCKET CHATTERJEE,Bharatiya Janata Party,76853,Result Declared,West Bengal
hoshangabad,17,DARSHAN SINGH CHOUDHARY,Bharatiya Janata Party,SANJAY SHARMA SANJU BHAIYA,Indian National Congress,431696,Result Declared,Madhya Pradesh
hoshiarpur,5,DR. RAJ KUMAR CHABBEWAL,Aam Aadmi Party,YAMINI GOMAR,Indian National Congress,44111,Result Declared,Punjab
howrah,25,PRASUN BANERJEE,All India Trinamool Congress,DR RATHIN CHAKRAVARTY,Bharatiya Janata Party,169442,Result Declared,West Bengal
hyderabad,9,ASADUDDIN OWAISI,All India Majlis-E-Ittehadul Muslimeen,MADHAVI LATHA KOMPELLA,Bharatiya Janata Party,338087,Result Declared,Telangana
idukki,13,ADV. DEAN KURIAKOSE,Indian National Congress,ADV. JOICE GEORGE,Communist Party of India (Marxist),133727,Result Declared,Kerala
indore,26,SHANKAR LALWANI,Bharatiya Janata Party,SANJAY S/O LAKSHMAN SOLANKI,Bahujan Samaj Party,1175092,Result Declared,Madhya Pradesh
inner manipur,1,ANGOMCHA BIMOL AKOIJAM,Indian National Congress,THOUNAOJAM BASANTA KUMAR SINGH,Bharatiya Janata Party,109801,Result Declared,Manipur
jabalpur,13,ASHISH DUBEY,Bharatiya Janata Party,DINESH YADAV,Indian National Congress,486674,Result Declared,Madhya Pradesh
jagatsinghpur,16,BIBHU PRASAD TARAI,Bharatiya Janata Party,DR. RAJASHREE MALLICK,Biju Janata Dal,40696,Result Declared,Odisha
jahanabad,36,SURENDRA PRASAD YADAV,Rashtriya Janata Dal,CHANDESHWAR PRASAD,Janata Dal (United),142591,Result Declared,Bihar
jaipur,7,MANJU SHARMA,Bharatiya Janata Party,PRATAP SINGH KHACHARIYAWAS,Indian National Congress,331767,Result Declared,Rajasthan
jaipur rural,6,RAO RAJENDRA SINGH,Bharatiya Janata Party,ANIL CHOPRA,Indian National Congress,1615,Result Declared,Rajasthan
jajpur,8,RABINDRA NARAYAN BEHERA,Bharatiya Janata Party,SARMISTHA SETHI,Biju Janata Dal,1587,Result Declared,Odisha
jalandhar,4,CHARANJIT SINGH CHANNI,Indian National Congress,SUSHIL KUMAR RINKU,Bharatiya Janata Party,175993,Result Declared,Punjab
jalgaon,3,SMITA UDAY WAGH,Bharatiya Janata Party,KARAN BALASAHEB PATIL - PAWAR,Shiv Sena (Uddhav Balasaheb Thackrey),251594,Result Declared,Maharashtra
jalna,18,KALYAN VAIJINATHRAO KALE,Indian National Congress,DANVE RAOSAHEB DADARAO,Bharatiya Janata Party,109958,Result Declared,Maharashtra
jalpaiguri,3,DR JAYANTA KUMAR ROY,Bharatiya Janata Party,NIRMAL CHANDRA ROY,All India Trinamool Congress,86693,Result Declared,West Bengal
jammu,5,JUGAL KISHORE,Bharatiya Janata Party,RAMAN BHALLA,Indian National Congress,135498,Result Declared,Jammu and Kashmir
jamnagar,12,POONAMBEN HEMATBHAI MAADAM,Bharatiya Janata Party,ADVOCATE J. P. MARAVIYA,Indian National Congress,238008,Result Declared,Gujarat
jamshedpur,9,BIDYUT BARAN MAHATO,Bharatiya Janata Party,SAMIR KUMAR MOHANTY,Jharkhand Mukti Morcha,259782,Result Declared,Jharkhand
jamui,40,ARUN BHARTI,Lok Janshakti Party(Ram Vilas),ARCHANA KUMARI,Rashtriya Janata Dal,112482,Result Declared,Bihar
janjgir-champa,3,KAMLESH JANGDE,Bharatiya Janata Party,DR. SHIVKUMAR DAHARIYA,Indian National Congress,60000,Result Declared,Chhattisgarh
jaunpur,73,BABU SINGH KUSHWAHA,Samajwadi Party,KRIPASHANKAR SINGH,Bharatiya Janata Party,99335,Result Declared,Uttar Pradesh
jhalawar-baran,25,DUSHYANT SINGH,Bharatiya Janata Party,URMILA JAIN “BHAYA”,Indian National Congress,370989,Result Declared,Rajasthan
jhanjharpur,7,RAMPRIT MANDAL,Janata Dal (United),SUMAN KUMAR MAHASETH,Vikassheel Insaan Party,184169,Result Declared,Bihar
jhansi,46,ANURAG SHARMA,Bharatiya Janata Party,"PRADEEP JAIN ""ADITYA""",Indian National Congress,102614,Result Declared,Uttar Pradesh
jhargram,33,KALIPADA SAREN (KHERWAL),All India Trinamool Congress,DR. PRANAT TUDU,Bharatiya Janata Party,174048,Result Declared,West Bengal
jhunjhunu,4,BRIJENDRA SINGH OLA,Indian National Congress,SHUBHKARAN CHOUDHARY,Bharatiya Janata Party,18235,Result Declared,Rajasthan
jodhpur,16,GAJENDRA SINGH SHEKHAWAT,Bharatiya Janata Party,KARAN SINGH UCHIYARDA,Indian National Congress,115677,Result Declared,Rajasthan
jorhat,14,GAURAV GOGOI,Indian National Congress,TOPON KUMAR GOGOI,Bharatiya Janata Party,144393,Result Declared,Assam
joynagar,19,PRATIMA MONDAL,All India Trinamool Congress,ASHOK KANDARY,Bharatiya Janata Party,470219,Result Declared,West Bengal
junagadh,13,CHUDASAMA RAJESHBHAI NARANBHAI,Bharatiya Janata Party,JOTVA HIRABHAI ARJANBHAI,Indian National Congress,135494,Result Declared,Gujarat
kachchh,1,CHAVDA VINOD LAKHAMSHI,Bharatiya Janata Party,NITESH PARBATBHAI LALAN (MATANG),Indian National Congress,268782,Result Declared,Gujarat
kadapa,21,Y. S. AVINASH REDDY,Yuvajana Sramika Rythu Congress Party,CHADIPIRALLA BHUPESH SUBBARAMI REDDY,Telugu Desam,62695,Result Declared,Andhra Pradesh
kairana,2,IQRA CHOUDHARY,Samajwadi Party,PRADEEP KUMAR,Bharatiya Janata Party,69116,Result Declared,Uttar Pradesh
kaiserganj,57,KARAN BHUSHAN SINGH,Bharatiya Janata Party,BHAGAT RAM,Samajwadi Party,148843,Result Declared,Uttar Pradesh
kakinada,6,TANGELLA UDAY SRINIVAS (TEA TIME UDAY),Janasena Party,CHALAMALASETTY SUNIL,Yuvajana Sramika Rythu Congress Party,229491,Result Declared,Andhra Pradesh
kalahandi,11,MALVIKA DEVI,Bharatiya Janata Party,LAMBODAR NIAL,Biju Janata Dal,133813,Result Declared,Odisha
kallakurichi,14,MALAIYARASAN D,Dravida Munnetra Kazhagam,KUMARAGURU R,All India Anna Dravida Munnetra Kazhagam,53784,Result Declared,Tamil Nadu
kancheepuram,6,SELVAM. G,Dravida Munnetra Kazhagam,RAJASEKAR. E,All India Anna Dravida Munnetra Kazhagam,221473,Result Declared,Tamil Nadu
kangra,1,DR RAJEEV BHARDWAJ,Bharatiya Janata Party,ANAND SHARMA,Indian National Congress,251895,Result Declared,Himachal Pradesh
kannur,2,K. SUDHAKARAN,Indian National Congress,M.V. JAYARAJAN,Communist Party of India (Marxist),108982,Result Declared,Kerala
kanpur,43,RAMESH AWASTHI,Bharatiya Janata Party,ALOK MISRA,Indian National Congress,20968,Result Declared,Uttar Pradesh
karakat,35,RAJA RAM SINGH,Communist Party of India (Marxist-Leninist) (Liberation),PAWAN SINGH,Independent,105858,Result Declared,Bihar
karimganj,7,KRIPANATH MALLAH,Bharatiya Janata Party,HAFIZ RASHID AHMED CHOUDHURY,Indian National Congress,18360,Result Declared,Assam
karnal,5,MANOHAR LAL,Bharatiya Janata Party,DIVYANSHU BUDHIRAJA,Indian National Congress,232577,Result Declared,Haryana
karur,23,JOTHIMANI. S,Indian National Congress,THANGAVEL. L,All India Anna Dravida Munnetra Kazhagam,166816,Result Declared,Tamil Nadu
kasaragod,1,RAJMOHAN UNNITHAN,Indian National Congress,M.V BALAKRISHNAN MASTER,Communist Party of India (Marxist),100649,Result Declared,Kerala
katihar,11,TARIQ ANWAR,Indian National Congress,DULAL CHANDRA GOSWAMI,Janata Dal (United),49863,Result Declared,Bihar
kaushambi,50,PUSHPENDRA SAROJ,Samajwadi Party,VINOD KUMAR SONKAR,Bharatiya Janata Party,103944,Result Declared,Uttar Pradesh
kaziranga,10,KAMAKHYA PRASAD TASA,Bharatiya Janata Party,ROSELINA TIRKEY,Indian National Congress,248947,Result Declared,Assam
kendrapara,15,BAIJAYANT PANDA,Bharatiya Janata Party,ANSHUMAN MOHANTY,Biju Janata Dal,66536,Result Declared,Odisha
keonjhar,4,ANANTA NAYAK,Bharatiya Janata Party,DHANURJAYA SIDU,Biju Janata Dal,97042,Result Declared,Odisha
khadoor sahib,3,AMRITPAL SINGH,Independent,KULBIR SINGH ZIRA,Indian National Congress,197120,Result Declared,Punjab
khagaria,25,RAJESH VERMA,Lok Janshakti Party(Ram Vilas),SANJAY KUMAR,Communist Party of India (Marxist),161131,Result Declared,Bihar
khajuraho,8,VISHNU DATT SHARMA (V.D.SHARMA),Bharatiya Janata Party,KAMLESH KUMAR,Bahujan Samaj Party,541229,Result Declared,Madhya Pradesh
khammam,17,RAMASAHAYAM RAGHURAM REDDY,Indian National Congress,NAMA NAGESWARA RAO,Bharat Rashtra Samith,467847,Result Declared,Telangana
khandwa,28,GYANESHWAR PATIL,Bharatiya Janata Party,NARENDRA PATEL,Indian National Congress,269971,Result Declared,Madhya Pradesh
khargone,27,GAJENDRA SINGH PATEL,Bharatiya Janata Party,PORLAL BATHA KHARTE,Indian National Congress,135018,Result Declared,Madhya Pradesh
kheda,17,DEVUSINH CHAUHAN,Bharatiya Janata Party,KALUSINH DABHI,Indian National Congress,357758,Result Declared,Gujarat
kheri,28,UTKARSH VERMA 'MADHUR',Samajwadi Party,AJAY KUMAR,Bharatiya Janata Party,34329,Result Declared,Uttar Pradesh
khunti,11,KALI CHARAN MUNDA,Indian National Congress,ARJUN MUNDA,Bharatiya Janata Party,149675,Result Declared,Jharkhand
kishanganj,10,MOHAMMAD JAWED,Indian National Congress,MUJAHID ALAM,Janata Dal (United),59692,Result Declared,Bihar
kodarma,5,ANNPURNA DEVI,Bharatiya Janata Party,VINOD KUMAR SINGH,Communist Party of India (Marxist-Leninist) (Liberation),377014,Result Declared,Jharkhand
kokrajhar,1,JOYANTA BASUMATARY,"United People’s Party, Liberal",KAMPA BORGOYARI,Bodoland Peoples Front,51583,Result Declared,Assam
kolar,28,M. MALLESH BABU,Janata Dal (Secular),K V GOWTHAM,Indian National Congress,71388,Result Declared,Karnataka
kolhapur,47,CHHATRAPATI SHAHU SHAHAJI,Indian National Congress,SANJAY SADASHIVRAO MANDLIK,Shiv Sena,154964,Result Declared,Maharashtra
kollam,18,N K PREMACHANDRAN,Revolutionary Socialist Party,M MUKESH,Communist Party of India (Marxist),150302,Result Declared,Kerala
koppal,8,K. RAJASHEKAR BASAVARAJ HITNAL,Indian National Congress,DR . BASAVARAJ. K. SHARANAPPA,Bharatiya Janata Party,46357,Result Declared,Karnataka
koraput,21,SAPTAGIRI SANKAR ULAKA,Indian National Congress,KAUSALYA HIKAKA,Biju Janata Dal,147744,Result Declared,Odisha
korba,4,JYOTSNA CHARANDAS MAHANT,Indian National Congress,SAROJ PANDEY,Bharatiya Janata Party,43283,Result Declared,Chhattisgarh
kota,24,OM BIRLA,Bharatiya Janata Party,PRAHLAD GUNJAL,Indian National Congress,41974,Result Declared,Rajasthan
kottayam,14,ADV K FRANCIS GEORGE,Kerala Congress,THOMAS CHAZHIKADAN,Kerala Congress (M),87266,Result Declared,Kerala
kozhikode,5,M. K. RAGHAVAN,Indian National Congress,ELAMARAM KAREEM,Communist Party of India (Marxist),146176,Result Declared,Kerala
krishnagiri,9,GOPINATH K,Indian National Congress,JAYAPRAKASH V,All India Anna Dravida Munnetra Kazhagam,192486,Result Declared,Tamil Nadu
krishnanagar,12,MAHUA MOITRA,All India Trinamool Congress,AMRITA ROY,Bharatiya Janata Party,56705,Result Declared,West Bengal
kurnoolu,18,BASTIPATI NAGARAJU PANCHALINGALA,Telugu Desam,B Y RAMAIAH,Yuvajana Sramika Rythu Congress Party,111298,Result Declared,Andhra Pradesh
kurukshetra,2,NAVEEN JINDAL,Bharatiya Janata Party,DR SUSHIL GUPTA,Aam Aadmi Party,29021,Result Declared,Haryana
kushi nagar,65,VIJAY KUMAR DUBAY,Bharatiya Janata Party,AJAY PRATAP SINGH URF PINTU SAITHWAR,Samajwadi Party,81790,Result Declared,Uttar Pradesh
ladakh,1,MOHMAD HANEEFA,Independent,TSERING NAMGYAL,Indian National Congress,27862,Result Declared,Ladakh
lakshadweep,1,MUHAMMED HAMDULLAH SAYEED,Indian National Congress,MOHAMMED FAIZAL PP,Nationalist Congress Party – Sharadchandra Pawar,2647,Result Declared,Lakshadweep
lalganj,68,DAROGA PRASAD SAROJ,Samajwadi Party,NEELAM SONKER,Bharatiya Janata Party,115023,Result Declared,Uttar Pradesh
latur,41,DR. KALGE SHIVAJI BANDAPPA,Indian National Congress,SUDHAKAR TUKARAM SHRANGARE,Bharatiya Janata Party,61881,Result Declared,Maharashtra
lohardaga,12,SUKHDEO BHAGAT,Indian National Congress,SAMIR ORAON,Bharatiya Janata Party,139138,Result Declared,Jharkhand
lucknow,35,RAJ NATH SINGH,Bharatiya Janata Party,RAVIDAS MEHROTRA,Samajwadi Party,135159,Result Declared,Uttar Pradesh
ludhiana,7,AMRINDER SINGH RAJA WARRING,Indian National Congress,RAVNEET SINGH BITTU,Bharatiya Janata Party,20942,Result Declared,Punjab
machhlishahr,74,PRIYA SAROJ,Samajwadi Party,BHOLANATH (B.P. SAROJ),Bharatiya Janata Party,35850,Result Declared,Uttar Pradesh
machilipatnam,11,BALASHOWRY VALLABHANENI,Janasena Party,SIMHADRI CHANDRA SEKHAR RAO,Yuvajana Sramika Rythu Congress Party,223179,Result Declared,Andhra Pradesh
madhepura,13,DINESH CHANDRA YADAV,Janata Dal (United),DA KUMAR CHANDRADEEP,Rashtriya Janata Dal,174534,Result Declared,Bihar
madhubani,6,ASHOK KUMAR YADAV,Bharatiya Janata Party,MD ALI ASHRAF FATMI,Rashtriya Janata Dal,151945,Result Declared,Bihar
madurai,32,VENKATESAN S,Communist Party of India (Marxist),RAAMA SREENIVASAN,Bharatiya Janata Party,209409,Result Declared,Tamil Nadu
mahabubabad,16,BALRAM NAIK PORIKA,Indian National Congress,KAVITHA MALOTH,Bharat Rashtra Samith,349165,Result Declared,Telangana
maharajganj,63,PANKAJ CHAUDHARY,Bharatiya Janata Party,VIRENDRA CHAUDHARY,Indian National Congress,35451,Result Declared,Bihar
maharajganj,19,"JANARDAN SINGH ""SIGRIWAL""",Bharatiya Janata Party,AAKASH KUMAR SINGH,Indian National Congress,102651,Result Declared,Bihar
mahbubnagar,11,ARUNA. D. K,Bharatiya Janata Party,CHALLA VAMSHI CHAND REDDY,Indian National Congress,4500,Result Declared,Telangana
mahesana,4,HARIBHAI PATEL,Bharatiya Janata Party,RAMJI THAKOR,Indian National Congress,328046,Result Declared,Gujarat
mainpuri,21,DIMPLE YADAV,Samajwadi Party,JAYVEER SINGH,Bharatiya Janata Party,221639,Result Declared,Uttar Pradesh
malappuram,6,E.T. MOHAMMED BASHEER,Indian Union Muslim League,V. VASEEF,Communist Party of India (Marxist),300118,Result Declared,Kerala
malkajgiri,7,EATALA RAJENDER,Bharatiya Janata Party,PATNAM SUNEETHA MAHENDER REDDY,Indian National Congress,391475,Result Declared,Telangana
mandi,2,KANGNA RANAUT,Bharatiya Janata Party,VIKRAMADITYA SINGH,Indian National Congress,74755,Result Declared,Himachal Pradesh
mandsour,23,SUDHEER GUPTA,Bharatiya Janata Party,DILIP SINGH GURJAR,Indian National Congress,500655,Result Declared,Madhya Pradesh
mandya,20,H.D. KUMARASWAMY,Janata Dal (Secular),VENKATARAMANE GOWDA (STAR CHANDRU),Indian National Congress,284620,Result Declared,Karnataka
mathura,17,HEMAMALINI DHARMENDRA DEOL,Bharatiya Janata Party,MUKESH DHANGAR,Indian National Congress,293407,Result Declared,Uttar Pradesh
maval,33,SHRIRANG APPA CHANDU BARNE,Shiv Sena,SANJOG BHIKU WAGHERE PATIL,Shiv Sena (Uddhav Balasaheb Thackrey),96615,Result Declared,Maharashtra
mavelikkara,16,KODIKUNNIL SURESH,Indian National Congress,ADV ARUN KUMAR C A,Communist Party of India,10868,Result Declared,Kerala
mayiladuthurai,28,SUDHA R,Indian National Congress,BABU P,All India Anna Dravida Munnetra Kazhagam,271183,Result Declared,Tamil Nadu
mayurbhanj,5,NABA CHARAN MAJHI,Bharatiya Janata Party,SUDAM MARNDI,Biju Janata Dal,219334,Result Declared,Odisha
medak,6,MADHAVANENI RAGHUNANDAN RAO,Bharatiya Janata Party,NEELAM MADHU,Indian National Congress,39139,Result Declared,Telangana
medinipur,34,JUNE MALIAH,All India Trinamool Congress,AGNIMITRA PAUL,Bharatiya Janata Party,27191,Result Declared,West Bengal
meerut,10,ARUN GOVIL,Bharatiya Janata Party,SUNITA VERMA,Samajwadi Party,10585,Result Declared,Uttar Pradesh
misrikh,32,ASHOK KUMAR RAWAT,Bharatiya Janata Party,SANGITA RAJVANSHI,Samajwadi Party,33406,Result Declared,Uttar Pradesh
mizoram,1,RICHARD VANLALHMANGAIHA,Zoram People’s Movement,K VANLALVENA,Mizo National Front,68288,Result Declared,Mizoram
mohanlalganj,34,R.K. CHAUDHARY,Samajwadi Party,KAUSHAL KISHORE,Bharatiya Janata Party,70292,Result Declared,Uttar Pradesh
moradabad,6,RUCHI VIRA,Samajwadi Party,KUNWAR SARVESH KUMAR,Bharatiya Janata Party,105762,Result Declared,Uttar Pradesh
morena,1,SHIVMANGAL SINGH TOMAR,Bharatiya Janata Party,NEETU SATYAPAL SINGH SIKARWAR,Indian National Congress,52530,Result Declared,Madhya Pradesh
mumbai north,26,PIYUSH GOYAL,Bharatiya Janata Party,BHUSHAN PATIL,Indian National Congress,357608,Result Declared,Maharashtra
mumbai north central,29,GAIKWAD VARSHA EKNATH,Indian National Congress,ADV UJWAL NIKAM,Bharatiya Janata Party,16514,Result Declared,Maharashtra
mumbai north east,28,SANJAY DINA PATIL,Shiv Sena (Uddhav Balasaheb Thackrey),MIHIR CHANDRAKANT KOTECHA,Bharatiya Janata Party,29861,Result Declared,Maharashtra
mumbai north west,27,RAVINDRA DATTARAM WAIKAR,Shiv Sena,AMOL GAJANAN KIRTIKAR,Shiv Sena (Uddhav Balasaheb Thackrey),48,Result Declared,Maharashtra
mumbai south,31,ARVIND GANPAT SAWANT,Shiv Sena (Uddhav Balasaheb Thackrey),YAMINI YASHWANT JADHAV,Shiv Sena,52673,Result Declared,Maharashtra
mumbai south central,30,ANIL YESHWANT DESAI,Shiv Sena (Uddhav Balasaheb Thackrey),RAHUL RAMESH SHEWALE,Shiv Sena,53384,Result Declared,Maharashtra
munger,28,RAJIV RANJAN SINGH ALIAS LALAN SINGH,Janata Dal (United),KUMARI ANITA,Rashtriya Janata Dal,80870,Result Declared,Bihar
murshidabad,11,ABU TAHER KHAN,All India Trinamool Congress,MD SALIM,Communist Party of India (Marxist),164215,Result Declared,West Bengal
muzaffarnagar,3,HARENDRA SINGH MALIK,Samajwadi Party,SANJEEV KUMAR BALYAN,Bharatiya Janata Party,24672,Result Declared,Uttar Pradesh
muzaffarpur,15,RAJ BHUSHAN CHOUDHARY,Bharatiya Janata Party,AJAY NISHAD,Indian National Congress,234927,Result Declared,Bihar
mysore,21,YADUVEER KRISHNADATTA CHAMARAJA WADIYAR,Bharatiya Janata Party,M. LAKSHMANA,Indian National Congress,139262,Result Declared,Karnataka
nabarangpur,12,BALABHADRA MAJHI,Bharatiya Janata Party,PRADEEP KUMAR MAJHI,Biju Janata Dal,87536,Result Declared,Odisha
nagaland,1,S SUPONGMEREN JAMIR,Indian National Congress,DR CHUMBEN MURRY,Nationalist Democratic Progressive Party,50984,Result Declared,Nagaland
nagaon,9,PRADYUT BORDOLOI,Indian National Congress,SURESH BORAH,Bharatiya Janata Party,212231,Result Declared,Assam
nagapattinam,29,SELVARAJ V,Communist Party of India,DR SURSITH SANKAR G,All India Anna Dravida Munnetra Kazhagam,208957,Result Declared,Tamil Nadu
nagarkurnool,12,DR.MALLU RAVI,Indian National Congress,BHARATH PRASAD POTHUGANTI,Bharatiya Janata Party,94414,Result Declared,Telangana
nagaur,14,HANUMAN BENIWAL,Rashtriya Loktantrik Party,JYOTI MIRDHA,Bharatiya Janata Party,42225,Result Declared,Rajasthan
nagina,5,CHANDRASHEKHAR,Aazad Samaj Party (Kanshi Ram),OM KUMAR,Bharatiya Janata Party,151473,Result Declared,Uttar Pradesh
nainital-udhamsingh nagar,4,AJAY BHATT,Bharatiya Janata Party,PRAKASH JOSHI,Indian National Congress,334548,Result Declared,Uttarakhand
nalanda,29,KAUSHALENDRA KUMAR,Janata Dal (United),DR. SANDEEP SAURAV,Communist Party of India (Marxist-Leninist) (Liberation),169114,Result Declared,Bihar
nalgonda,13,KUNDURU RAGHUVEER,Indian National Congress,SAIDI REDDY SHANAMPUDI,Bharatiya Janata Party,559905,Result Declared,Telangana
namakkal,16,MATHESWARAN V S,Dravida Munnetra Kazhagam,TAMILMANI S,All India Anna Dravida Munnetra Kazhagam,29112,Result Declared,Tamil Nadu
nanded,16,CHAVAN VASANTRAO BALWANTRAO,Indian National Congress,CHIKHALIKAR PRATAPRAO GOVINDRAO,Bharatiya Janata Party,59442,Result Declared,Maharashtra
nandurbar,1,ADV GOWAAL KAGADA PADAVI,Indian National Congress,DR HEENA VIJAYKUMAR GAVIT,Bharatiya Janata Party,159120,Result Declared,Maharashtra
nandyal,17,DR BYREDDY SHABARI,Telugu Desam,POCHA BRAHMANANDA REDDY,Yuvajana Sramika Rythu Congress Party,111975,Result Declared,Andhra Pradesh
narsaraopet,14,LAVU SRIKRISHNA DEVARAYALU,Telugu Desam,ANIL KUMAR POLUBOINA,Yuvajana Sramika Rythu Congress Party,159729,Result Declared,Andhra Pradesh
nashik,21,RAJABHAU (PARAG) PRAKASH WAJE,Shiv Sena (Uddhav Balasaheb Thackrey),GODSE HEMANT TUKARAM,Shiv Sena,162001,Result Declared,Maharashtra
navsari,25,C R PATIL,Bharatiya Janata Party,NAISHADHBHAI BHUPATBHAI DESAI,Indian National Congress,773551,Result Declared,Gujarat
nawada,39,VIVEK THAKUR,Bharatiya Janata Party,SHRAWAN KUMAR,Rashtriya Janata Dal,67670,Result Declared,Bihar
nellore,22,PRABHAKAR REDDY VEMIREDDY,Telugu Desam,VENUMBAKA VIJAYASAI REDDY,Yuvajana Sramika Rythu Congress Party,245902,Result Declared,Andhra Pradesh
new delhi,4,BANSURI SWARAJ,Bharatiya Janata Party,SOMNATH BHARTI,Aam Aadmi Party,78370,Result Declared,Delhi
nilgiris,19,RAJA A,Dravida Munnetra Kazhagam,DR MURUGAN L,Bharatiya Janata Party,240585,Result Declared,Tamil Nadu
nizamabad,4,ARVIND DHARMAPURI,Bharatiya Janata Party,JEEVANREDDY THATIPARTHI,Indian National Congress,109241,Result Declared,Telangana
north goa,1,SHRIPAD YESSO NAIK,Bharatiya Janata Party,RAMAKANT KHALAP,Indian National Congress,116015,Result Declared,Goa
north-east delhi,2,MANOJ TIWARI,Bharatiya Janata Party,KANHAIYA KUMAR,Indian National Congress,138778,Result Declared,Delhi
north-west delhi,5,YOGENDER CHANDOLIYA,Bharatiya Janata Party,UDIT RAJ,Indian National Congress,290849,Result Declared,Delhi
ongole,16,MAGUNTA SREENIVASULU REDDY,Telugu Desam,DR CHEVIREDDY BHASKAR REDD,Yuvajana Sramika Rythu Congress Party,50199,Result Declared,Andhra Pradesh
osmanabad,40,OMPRAKASH BHUPALSINH ALIAS PAVAN RAJENIMBALKAR,Shiv Sena (Uddhav Balasaheb Thackrey),ARCHANA RANAJAGJITSINH PATIL,Nationalist Congress Party,329846,Result Declared,Maharashtra
outer manipur,2,ALFRED KANNGAM S ARTHUR,Indian National Congress,KACHUI TIMOTHY ZIMIK,Naga Peoples Front,85418,Result Declared,Manipur
palakkad,8,V K SREEKANDAN,Indian National Congress,A VIJAYARAGHAVAN,Communist Party of India (Marxist),75283,Result Declared,Kerala
palamau,13,VISHNU DAYAL RAM,Bharatiya Janata Party,MAMTA BHUIYAN,Rashtriya Janata Dal,288807,Result Declared,Jharkhand
palghar,22,DR. HEMANT VISHNU SAVARA,Bharatiya Janata Party,BHARTI BHARAT KAMDI,Shiv Sena (Uddhav Balasaheb Thackrey),183306,Result Declared,Maharashtra
panchmahal,18,RAJPALSINH MAHENDRASINH JADAV,Bharatiya Janata Party,GULABSINH SOMSINH CHAUHAN,Indian National Congress,509342,Result Declared,Gujarat
parbhani,17,JADHAV SANJAY ( BANDU ) HARIBHAU,Shiv Sena (Uddhav Balasaheb Thackrey),JANKAR MAHADEV JAGANNATH,Rashtriya Samaj Paksha,134061,Result Declared,Maharashtra
paschim champaran,2,DR.SANJAY JAISWAL,Bharatiya Janata Party,MADAN MOHAN TIWARI,Indian National Congress,136568,Result Declared,Bihar
patan,3,DABHI BHARATSINHJI SHANKARJI,Bharatiya Janata Party,CHANDANJI TALAJI THAKOR,Indian National Congress,31876,Result Declared,Gujarat
pathanamthitta,17,ANTO ANTONY,Indian National Congress,DR.T.M.THOMAS ISSAC,Communist Party of India (Marxist),66119,Result Declared,Kerala
patiala,13,DR DHARAMVIRA GANDHI,Indian National Congress,DR BALBIR SINGH,Aam Aadmi Party,14831,Result Declared,Punjab
patliputra,31,MISHA BHARTI,Rashtriya Janata Dal,RAM KRIPAL YADAV,Bharatiya Janata Party,85174,Result Declared,Bihar
patna sahib,30,RAVI SHANKAR PRASAD,Bharatiya Janata Party,ANSHUL AVIJIT,Indian National Congress,153846,Result Declared,Bihar
peddapalle,2,VAMSI KRISHNA GADDAM,Indian National Congress,SRINIVAS GOMASE,Bharatiya Janata Party,131364,Result Declared,Telangana
perambalur,25,ARUN NEHRU,Dravida Munnetra Kazhagam,CHANDRAMOHAN N D,All India Anna Dravida Munnetra Kazhagam,389107,Result Declared,Tamil Nadu
phulpur,51,PRAVEEN PATEL,Bharatiya Janata Party,AMAR NATH SINGH MAURYA,Samajwadi Party,4332,Result Declared,Uttar Pradesh
pilibhit,26,JITIN PRASADA,Bharatiya Janata Party,BHAGWAT SARAN GANGWAR,Samajwadi Party,164935,Result Declared,Uttar Pradesh
pollachi,21,ESWARASAMY K,Dravida Munnetra Kazhagam,KARTHIKEYAN A,All India Anna Dravida Munnetra Kazhagam,252042,Result Declared,Tamil Nadu
ponnani,7,DR. M.P ABDUSSAMAD SAMADANI,Indian Union Muslim League,K.S HAMZA,Communist Party of India (Marxist),235760,Result Declared,Kerala
ponnani,7,DR. M.P ABDUSSAMAD SAMADANI,Indian Union Muslim League,K.S HAMZA,Communist Party of India (Marxist),235760,Result Declared,Tamil Nadu
porbandar,11,DR. MANSUKH MANDAVIYA,Bharatiya Janata Party,LALIT VASOYA,Indian National Congress,383360,Result Declared,Gujarat
pratapgarh,39,SHIV PAL SINGH PATEL (DR. S P SINGH),Samajwadi Party,SANGAM LAL GUPTA,Bharatiya Janata Party,66206,Result Declared,Uttar Pradesh
puducherry,1,VE VAITHILINGAM,Indian National Congress,A NAMASSIVAYAM,Bharatiya Janata Party,136516,Result Declared,Puducherry
pune,34,MURLIDHAR MOHOL,Bharatiya Janata Party,DHANGEKAR RAVINDRA HEMRAJ,Indian National Congress,123038,Result Declared,Maharashtra
puri,17,SAMBIT PATRA,Bharatiya Janata Party,ARUP MOHAN PATNAIK,Biju Janata Dal,104709,Result Declared,Odisha
purnia,12,RAJESH RANJAN ALIAS PAPPU YADAV,Independent,SANTOSH KUMAR,Janata Dal (United),23847,Result Declared,Bihar
purvi champaran,3,RADHA MOHAN SINGH,Bharatiya Janata Party,DR RAJESH KUMAR,Vikassheel Insaan Party,88287,Result Declared,Bihar
rae bareli,36,RAHUL GANDHI,Indian National Congress,DINESH PRATAP SINGH,Bharatiya Janata Party,390030,Result Declared,Uttar Pradesh
raichur,6,G. KUMAR NAIK.,Indian National Congress,RAJA AMARESHWARA NAIK.,Bharatiya Janata Party,79781,Result Declared,Karnataka
raigad,32,TATKARE SUNIL DATTATREY,Nationalist Congress Party,ANANT GEETE,Shiv Sena (Uddhav Balasaheb Thackrey),82784,Result Declared,Maharashtra
raiganj,5,KARTICK CHANDRA PAUL,Bharatiya Janata Party,KALYANI KRISHNA,All India Trinamool Congress,68197,Result Declared,West Bengal
raigarh,2,RADHESHYAM RATHIYA,Bharatiya Janata Party,DR. MENKA DEVI SINGH,Indian National Congress,240391,Result Declared,Chhattisgarh
raipur,8,BRIJMOHAN AGRAWAL,Bharatiya Janata Party,VIKAS UPADHYAY,Indian National Congress,575285,Result Declared,Chhattisgarh
rajahmundry,8,DAGGUBATI PURANDHESHWARI,Bharatiya Janata Party,DR. GUDURI SRINIVAS,Yuvajana Sramika Rythu Congress Party,239139,Result Declared,Andhra Pradesh
rajampet,24,P V MIDHUN REDDY,Yuvajana Sramika Rythu Congress Party,NALLARI KIRAN KUMAR REDDY,Bharatiya Janata Party,76071,Result Declared,Andhra Pradesh
rajkot,10,PARSHOTTAMBHAI RUPALA,Bharatiya Janata Party,DHANANI PARESH,Indian National Congress,484260,Result Declared,Gujarat
rajmahal,1,VIJAY KUMAR HANSDAK,Jharkhand Mukti Morcha,TALA MARANDI,Bharatiya Janata Party,178264,Result Declared,Jharkhand
rajnandgaon,6,SANTOSH PANDEY,Bharatiya Janata Party,BHUPESH BAGHEL,Indian National Congress,44411,Result Declared,Chhattisgarh
rajsamand,22,MAHIMA KUMARI MEWAR,Bharatiya Janata Party,DR. DAMODAR GURJAR,Indian National Congress,392223,Result Declared,Rajasthan
ramanathapuram,35,NAVASKANI K,Indian Union Muslim League,PANNEERSELVAM O S/O OTTAKARATHEVAR,Independent,166782,Result Declared,Tamil Nadu
rampur,7,MOHIBBULLAH,Samajwadi Party,GHANSHYAM SINGH LODHI,Bharatiya Janata Party,87434,Result Declared,Uttar Pradesh
ramtek,9,Shyamkumar (Babalu) Daulat Barve,Indian National Congress,RAJU DEONATH PARVE,Shiv Sena,76768,Result Declared,Maharashtra
ranaghat,13,JAGANNATH SARKAR,Bharatiya Janata Party,MUKUT MANI ADHIKARI,All India Trinamool Congress,186899,Result Declared,West Bengal
ranchi,8,SANJAY SETH,Bharatiya Janata Party,YASHASWINI SAHAY,Indian National Congress,120512,Result Declared,Jharkhand
ratlam,24,ANITA NAGARSINGH CHOUHAN,Bharatiya Janata Party,KANTILAL BHURIA,Indian National Congress,207232,Result Declared,Madhya Pradesh
ratnagiri- sindhudurg,46,NARAYAN TATU RANE,Bharatiya Janata Party,VINAYAK BHAURAO RAUT,Shiv Sena (Uddhav Balasaheb Thackrey),47858,Result Declared,Maharashtra
raver,4,KHADSE RAKSHA NIKHIL,Bharatiya Janata Party,SHRIRAM DAYARAM PATIL,Nationalist Congress Party – Sharadchandra Pawar,272183,Result Declared,Maharashtra
rewa,10,JANARDAN MISHRA,Bharatiya Janata Party,NEELAM ABHAY MISHRA,Indian National Congress,193374,Result Declared,Madhya Pradesh
robertsganj,80,CHHOTELAL,Samajwadi Party,RINKI SINGH,Apna Dal (Soneylal),129234,Result Declared,Uttar Pradesh
rohtak,7,DEEPENDER SINGH HOODA,Indian National Congress,DR. ARVIND KUMAR SHARMA,Bharatiya Janata Party,345298,Result Declared,Haryana
sabarkantha,5,SHOBHANABEN MAHENDRASINH BARAIYA,Bharatiya Janata Party,CHAUDHARI TUSHAR AMARSINH,Indian National Congress,155682,Result Declared,Gujarat
sagar,5,DR. LATA WANKHEDE,Bharatiya Janata Party,CHANDRA BHUSAN SINGH BUNDELA 'GUDDU RAJA',Indian National Congress,471222,Result Declared,Madhya Pradesh
saharanpur,1,IMRAN MASOOD,Indian National Congress,RAGHAV LAKHANPAL,Bharatiya Janata Party,64542,Result Declared,Uttar Pradesh
salem,15,SELVAGANAPATHI T M,Dravida Munnetra Kazhagam,VIGNESH P,All India Anna Dravida Munnetra Kazhagam,70357,Result Declared,Tamil Nadu
salempur,71,RAMASHANKAR RAJBHAR,Samajwadi Party,RAVINDAR KUSHAWAHA,Bharatiya Janata Party,3573,Result Declared,Uttar Pradesh
samastipur,23,SHAMBHAVI,Lok Janshakti Party(Ram Vilas),SUNNY HAZARI,Indian National Congress,187251,Result Declared,Bihar
sambalpur,3,DHARMENDRA PRADHAN,Bharatiya Janata Party,PRANAB PRAKASH DAS,Biju Janata Dal,119836,Result Declared,Odisha
sambhal,8,ZIA UR REHMAN,Samajwadi Party,PARMESHWAR LAL SAINI,Bharatiya Janata Party,121494,Result Declared,Uttar Pradesh
sangrur,12,GURMEET SINGH MEET HAYER,Aam Aadmi Party,SUKHPAL SINGH KHAIRA,Indian National Congress,172560,Result Declared,Punjab
sant kabir nagar,62,LAXMIKANT PAPPU NISHAD,Samajwadi Party,PRAVIN KUMAR NISHAD,Bharatiya Janata Party,92170,Result Declared,Uttar Pradesh
saran,20,RAJIV PRATAP RUDY,Bharatiya Janata Party,ROHINI ACHARYA,Rashtriya Janata Dal,13661,Result Declared,Bihar
sasaram,34,MANOJ KUMAR,Indian National Congress,SHIVESH KUMAR,Bharatiya Janata Party,19157,Result Declared,Bihar
satara,45,SHRIMANT CHH UDAYANRAJE PRATAPSINHAMAHARAJ BHONSLE,Bharatiya Janata Party,SHASHIKANT JAYVANTRAO SHINDE,Nationalist Congress Party – Sharadchandra Pawar,32771,Result Declared,Maharashtra
satna,9,GANESH SINGH,Bharatiya Janata Party,DABBU SIDDHARTH SUKHLAL KUSHWAHA,Indian National Congress,84949,Result Declared,Madhya Pradesh
secunderabad,8,G. KISHAN REDDY,Bharatiya Janata Party,DANAM NAGENDER,Indian National Congress,49944,Result Declared,Telangana
shahdol,12,SMT. HIMADRI SINGH,Bharatiya Janata Party,PHUNDE LAL SINGH MARKO,Indian National Congress,397340,Result Declared,Madhya Pradesh
sheohar,4,LOVELY ANAND,Janata Dal (United),RITU JAISWAL,Rashtriya Janata Dal,29143,Result Declared,Bihar
shimla,4,Suresh Kumar Kashyap,Bharatiya Janata Party,Vinod Sultanpuri,Indian National Congress,91451,Result Declared,Himachal Pradesh
shimoga,14,B.Y.RAGHAVENDRA,Bharatiya Janata Party,GEETHA SHIVARAJKUMAR,Indian National Congress,243715,Result Declared,Karnataka
shirdi,38,BHAUSAHEB RAJARAM WAKCHAURE,Shiv Sena (Uddhav Balasaheb Thackrey),LOKHANDE SADASHIV KISAN,Shiv Sena,50529,Result Declared,Maharashtra
shirur,36,DR. AMOL RAMSING KOLHE,Nationalist Congress Party – Sharadchandra Pawar,ADHALRAO SHIVAJI DATTATREY,Nationalist Congress Party,140951,Result Declared,Maharashtra
shrawasti,58,RAM SHIROMANI VERMA,Samajwadi Party,SAKET MISRA,Bharatiya Janata Party,76673,Result Declared,Uttar Pradesh
sidhi,11,DR. RAJESH MISHRA,Bharatiya Janata Party,KAMLESHWAR INDRAJIT KUMAR,Indian National Congress,206416,Result Declared,Madhya Pradesh
sikar,5,AMRARAM,Communist Party of India (Marxist),SUMEDHANAND SARASWATI,Bharatiya Janata Party,72896,Result Declared,Rajasthan
sikkim,1,INDRA HANG SUBBA,Sikkim Krantikari Morcha,BHARAT BASNETT,Citizen Action Party-Sikkim,80830,Result Declared,Sikkim
silchar,8,PARIMAL SUKLABAIDYA,Bharatiya Janata Party,SURYA KANTA SARKAR,Indian National Congress,264311,Result Declared,Assam
singhbhum,10,JOBA MAJHI,Jharkhand Mukti Morcha,GEETA KORA,Bharatiya Janata Party,168402,Result Declared,Jharkhand
sirsa,3,SELJA,Indian National Congress,ASHOK TANWAR,Bharatiya Janata Party,268497,Result Declared,Haryana
sitamarhi,5,DEVESH CHANDRA THAKUR,Janata Dal (United),ARJUN RAY,Rashtriya Janata Dal,51356,Result Declared,Bihar
sitapur,30,RAKESH RATHOR,Indian National Congress,RAJESH VERMA,Bharatiya Janata Party,89641,Result Declared,Uttar Pradesh
sivaganga,31,KARTI P CHIDAMBARAM,Indian National Congress,XAVIERDASS A,All India Anna Dravida Munnetra Kazhagam,205664,Result Declared,Tamil Nadu
solapur,42,PRANITI SUSHILKUMAR SHINDE,Indian National Congress,RAM VITTHAL SATPUTE,Bharatiya Janata Party,74197,Result Declared,Maharashtra
sonipat,6,SATPAL BRAHAMCHARI,Indian National Congress,MOHAN LAL BADOLI,Bharatiya Janata Party,21816,Result Declared,Haryana
sonitpur,11,RANJIT DUTTA,Bharatiya Janata Party,PREMLAL GANJU,Indian National Congress,361408,Result Declared,Assam
south delhi,7,RAMVIR SINGH BIDHURI,Bharatiya Janata Party,SAHI RAM,Aam Aadmi Party,124333,Result Declared,Delhi
south goa,2,CAPTAIN VIRIATO FERNANDES,Indian National Congress,PALLAVI SHRINIVAS DEMPO,Bharatiya Janata Party,13535,Result Declared,Goa
srerampur,27,KALYAN BANERJEE,All India Trinamool Congress,KABIR SHANKAR BOSE,Bharatiya Janata Party,174830,Result Declared,West Bengal
srikakulam,2,KINJARAPU RAMMOHAN NAIDU,Telugu Desam,TILAK PERADA,Yuvajana Sramika Rythu Congress Party,327901,Result Declared,Andhra Pradesh
srinagar,2,AGA SYED RUHULLAH MEHDI,Jammu & Kashmir National Conference,WAHEED UR REHMAN PARA,Jammu & Kashmir Peoples Democratic Party,188416,Result Declared,Jammu and Kashmir
sriperumbudur,5,T R BAALU,Dravida Munnetra Kazhagam,G PREMKUMAR,All India Anna Dravida Munnetra Kazhagam,487029,Result Declared,Tamil Nadu
sultanpur,38,RAMBHUAL NISHAD,Samajwadi Party,MANEKA SANJAY GANDHI,Bharatiya Janata Party,43174,Result Declared,Uttar Pradesh
sundargarh,2,JUAL ORAM,Bharatiya Janata Party,DILIP KUMAR TIRKEY,Biju Janata Dal,138808,Result Declared,Odisha
supaul,8,DILESHWAR KAMAIT,Janata Dal (United),CHANDRAHAS CHAUPAL,Rashtriya Janata Dal,169803,Result Declared,Bihar
surat,24,MUKESHKUMAR CHANDRAKAANT DALAL,Bharatiya Janata Party,No Candidate contested,No Party contested,543000,Uncontested,Gujarat
surendranagar,9,CHANDUBHAI CHHAGANBHAI SHIHORA,Bharatiya Janata Party,RUTVIKBHAI LAVJIBHAI MAKWANA,Indian National Congress,261617,Result Declared,Gujarat
surguja,1,CHINTAMANI MAHARAJ,Bharatiya Janata Party,SHASHI SINGH KORAM,Indian National Congress,64822,Result Declared,Chhattisgarh
tamluk,30,ABHIJIT GANGOPADHYAY,Bharatiya Janata Party,DEBANGSHU BHATTACHARYA,All India Trinamool Congress,77733,Result Declared,West Bengal
tehri garhwal,1,MALA RAJYA LAKSHMI SHAH,Bharatiya Janata Party,JOT SINGH GUNSOLA,Indian National Congress,272493,Result Declared,Uttarakhand
tenkasi,37,DR RANI SRI KUMAR,Dravida Munnetra Kazhagam,DR K KRISHNASAMY,All India Anna Dravida Munnetra Kazhagam,196199,Result Declared,Tamil Nadu
thane,25,NARESH GANPAT MHASKE,Shiv Sena,RAJAN BABURAO VICHARE,Shiv Sena (Uddhav Balasaheb Thackrey),217011,Result Declared,Maharashtra
thanjavur,30,MURASOLI S,Dravida Munnetra Kazhagam,SIVANESAN P,Desiya Murpokku Dravida Kazhagam,319583,Result Declared,Tamil Nadu
theni,33,THANGA TAMILSELVAN,Dravida Munnetra Kazhagam,TTV DHINAKARAN,Amma Makkal Munnettra Kazagam,278825,Result Declared,Tamil Nadu
thirupathi,23,GURUMOORTHY MADDILA,Yuvajana Sramika Rythu Congress Party,VARA PRASAD RAO VELAGAPALLI,Bharatiya Janata Party,14569,Result Declared,Andhra Pradesh
thiruvananthapuram,20,SHASHI THAROOR,Indian National Congress,RAJEEV CHANDRASEKHAR,Bharatiya Janata Party,16077,Result Declared,Tamil Nadu
thoothukkudi,36,KANIMOZHI KARUNANIDHI,Dravida Munnetra Kazhagam,SIVASAMY VELUMANI R,All India Anna Dravida Munnetra Kazhagam,392738,Result Declared,Tamil Nadu
thrissur,10,SURESH GOPI,Bharatiya Janata Party,ADV V S SUNILKUMAR,Communist Party of India,74686,Result Declared,Kerala
tikamgarh,6,DR. VIRENDRA KUMAR,Bharatiya Janata Party,KHUMAN URF PANKAJ AHIRWAR,Indian National Congress,403312,Result Declared,Madhya Pradesh
tiruchirappalli,24,DURAI VAIKO,Marumalarchi Dravida Munnetra Kazhagam,KARUPPAIAH. P,All India Anna Dravida Munnetra Kazhagam,313094,Result Declared,Tamil Nadu
tirunelveli,38,ROBERT BRUCE C,Indian National Congress,NAINAR NAGENTHRAN,Bharatiya Janata Party,165620,Result Declared,Tamil Nadu
tiruppur,18,"SUBBARAYAN, K.",Communist Party of India,"ARUNACHALAM, P.",All India Anna Dravida Munnetra Kazhagam,125928,Result Declared,Tamil Nadu
tiruvannamalai,11,"ANNADURAI, C.N.",Dravida Munnetra Kazhagam,KALIYAPERUMAL M,All India Anna Dravida Munnetra Kazhagam,233931,Result Declared,Tamil Nadu
tonk-sawai madhopur,12,HARISH CHANDRA MEENA,Indian National Congress,SUKHBIR SINGH JAUNAPURIA,Bharatiya Janata Party,64949,Result Declared,Rajasthan
tripura east,2,KRITI DEVI DEBBARMAN,Bharatiya Janata Party,RAJENDRA REANG,Communist Party of India (Marxist),486819,Result Declared,Tripura
tripura west,1,BIPLAB KUMAR DEB,Bharatiya Janata Party,ASISH KUMAR SAHA,Indian National Congress,611578,Result Declared,Tripura
tumkur,19,V. SOMANNA,Bharatiya Janata Party,S.P. MUDDAHANUMEGOWDA,Indian National Congress,175594,Result Declared,Karnataka
udaipur,19,MANNA LAL RAWAT,Bharatiya Janata Party,TARACHAND MEENA,Indian National Congress,261608,Result Declared,Rajasthan
udhampur,4,DR JITENDRA SINGH,Bharatiya Janata Party,CH LAL SINGH,Indian National Congress,124373,Result Declared,Jammu and Kashmir
udupi chikmagalur,15,KOTA SRINIVAS POOJARY,Bharatiya Janata Party,K. JAYAPRAKASH HEGDE,Indian National Congress,259175,Result Declared,Karnataka
ujjain,22,ANIL FIROJIYA,Bharatiya Janata Party,MAHESH PARMAR,Indian National Congress,375860,Result Declared,Madhya Pradesh
uluberia,26,SAJDA AHMED,All India Trinamool Congress,ARUNUDAY PAULCHOWDHURY,Bharatiya Janata Party,218673,Result Declared,West Bengal
unnao,33,SWAMI SACHCHIDANAND HARI SAKSHI,Bharatiya Janata Party,ANNU TANDON,Samajwadi Party,35818,Result Declared,Uttar Pradesh
uttara kannada,12,VISHWESHWAR HEGDE KAGERI,Bharatiya Janata Party,DR. ANJALI NIMBALKAR,Indian National Congress,337428,Result Declared,Karnataka
vadakara,3,SHAFI PARAMBIL,Indian National Congress,K K SHAILAJA TEACHER,Communist Party of India (Marxist),114506,Result Declared,Kerala
vadodara,20,DR. HEMANG JOSHI,Bharatiya Janata Party,PADHIYAR JASHPALSINH MAHENDRASINH (BAPU),Indian National Congress,582126,Result Declared,Gujarat
vaishali,16,VEENA DEVI,Lok Janshakti Party(Ram Vilas),VIJAY KUMAR SHUKLA,Rashtriya Janata Dal,89634,Result Declared,Bihar
valmiki nagar,1,SUNIL KUMAR,Janata Dal (United),DEEPAK YADAV,Rashtriya Janata Dal,98675,Result Declared,Bihar
valsad,26,DHAVAL LAXMANBHAI PATEL,Bharatiya Janata Party,ANANTKUMAR HASMUKHBHAI PATEL,Indian National Congress,210704,Result Declared,Gujarat
varanasi,77,NARENDRA MODI,Bharatiya Janata Party,AJAY RAI,Indian National Congress,152513,Result Declared,Uttar Pradesh
vidisha,18,SHIVRAJ SINGH CHOUHAN,Bharatiya Janata Party,PRATAPBHANU SHARMA,Indian National Congress,821408,Result Declared,Madhya Pradesh
vijayawada,12,KESINENI SIVANATH (CHINNI),Telugu Desam,KESINENI SRINIVAS (NANI),Yuvajana Sramika Rythu Congress Party,282085,Result Declared,Andhra Pradesh
viluppuram,13,RAVIKUMAR. D,Viduthalai Chiruthaigal Katch,BHAGYARAJ. J,All India Anna Dravida Munnetra Kazhagam,70703,Result Declared,Tamil Nadu
virudhunagar,34,MANICKAM TAGORE B,Indian National Congress,VIJAYAPRABHAKARAN V,Desiya Murpokku Dravida Kazhagam,4379,Result Declared,Tamil Nadu
visakhapatnam,4,SRIBHARAT MATHUKUMILI,Telugu Desam,JHANSI LAKSHMI. BOTCHA.,Yuvajana Sramika Rythu Congress Party,504247,Result Declared,Andhra Pradesh
vizianagaram,3,APPALANAIDU KALISETTI,Telugu Desam,BELLANA CHANDRASEKHAR,Yuvajana Sramika Rythu Congress Party,249351,Result Declared,Andhra Pradesh
warangal,15,KADIYAM KAVYA,Indian National Congress,AROORI RAMESH,Bharatiya Janata Party,220339,Result Declared,Telangana
wardha,8,AMAR SHARADRAO KALE,Nationalist Congress Party – Sharadchandra Pawar,RAMDAS CHANDRABHAN TADAS,Bharatiya Janata Party,81648,Result Declared,Maharashtra
wayanad,4,RAHUL GANDHI,Indian National Congress,ANNIE RAJA,Communist Party of India,364422,Result Declared,Kerala
west delhi,6,KAMALJEET SEHRAWAT,Bharatiya Janata Party,MAHABAL MISHRA,Aam Aadmi Party,199013,Result Declared,Delhi
yavatmal- washim,14,SANJAY UTTAMRAO DESHMUKH,Shiv Sena (Uddhav Balasaheb Thackrey),RAJSHRITAI HEMANT PATIL (MAHALLE),Shiv Sena,94473,Result Declared,Maharashtra
zahirabad,5,SURESH KUMAR SHETKAR,Indian National Congress,B. B. PATIL,Bharatiya Janata Party,46188,Result Declared,Telangana
